<step title="Incoming Request" date="2025-09-20T01:25:06.702" instance="d2b2eb" url="/api/publish?type=zip" method="POST" type="request" pid="823,1,28" Accept="*/*" Host="iga-historicos-azhhdffne0fqapcn.scm.canadacentral-01.azurewebsites.net" User-Agent="AZURECLI/2.77.0 (MSI)" Accept-Encoding="gzip, deflate" Authorization="Bea..." Cache-Control="no-cache" Content-Type="application/octet-stream" Cookie="ARRAffinity=d2b2eba835d0b4206c1fa2565c9e10db4fec2b46d3b533e15c3c1c537e75a0fc; ARRAffinitySameSite=d2b2eba835d0b4206c1fa2565c9e10db4fec2b46d3b533e15c3c1c537e75a0fc" Content-Length="14948777" x-ms-client-request-id="9bb35636-95c0-11f0-b96d-200b748d2e78" x-ms-artifact-checksum="ff399d33aa13714c00ce2640ff4aed0607651a4b10d5fe47dbaec14079090fb0" X-ARR-LOG-ID="9bb35636-95c0-11f0-b96d-200b748d2e78" CLIENT-IP="181.130.100.35:51255" X-SITE-DEPLOYMENT-ID="iga-historicos" WAS-DEFAULT-HOSTNAME="iga-historicos-azhhdffne0fqapcn.scm.canadacentral-01.azurewebsites.net" X-Forwarded-Proto="https" X-AppService-Proto="https" X-Forwarded-TlsVersion="1.3" X-WAWS-Unencoded-URL="/api/publish?type=zip" X-Client-IP="181.130.100.35" X-Client-Port="51255" >
  <step title="OneDeploy" date="2025-09-20T01:25:06.761" >
    <step title="Starting PushDeployAsync" date="2025-09-20T01:25:06.839" /><!-- duration: 55ms -->
    <step title="Writing artifact to /tmp/zipdeploy/2dd59544-86f9-47d7-947b-e4c7ece00552.zip" date="2025-09-20T01:25:06.944" >
      <step title="Writing multipart request body to /tmp/zipdeploy/2dd59544-86f9-47d7-947b-e4c7ece00552.zip" date="2025-09-20T01:25:06.956" /><!-- duration: 18ms -->
    </step><!-- duration: 4644ms -->
    <step title="Attempting to fetch target branch HEAD" date="2025-09-20T01:25:11.617" /><!-- duration: 11ms -->
    <step title="Acquiring Deployment Lock" date="2025-09-20T01:25:11.638" /><!-- duration: 11ms -->
    <step title="Acquired Deployment Lock" date="2025-09-20T01:25:11.699" /><!-- duration: 8ms -->
    <step title="Performing fetch based deployment" date="2025-09-20T01:25:11.719" >
      <step title="Creating temporary deployment" date="2025-09-20T01:25:11.729" /><!-- duration: 181ms -->
      <step title="Releasing Deployment Lock" date="2025-09-20T01:25:13.134" /><!-- duration: 16ms -->
      <step title="Cleaning up temp folders from previous zip deployments and extracting pushed zip file /tmp/zipdeploy/2dd59544-86f9-47d7-947b-e4c7ece00552.zip (14.26 MB) to /tmp/zipdeploy/extracted" date="2025-09-20T01:25:13.228" >
        <step title="ChmodRecursive Process exited with total time taken in ms: 854" date="2025-09-20T01:25:28.910" /><!-- duration: 10ms -->
      </step><!-- duration: 15702ms -->
      <step title="None repository commit" date="2025-09-20T01:25:28.967" >
        <step title="Commit id: 936360b1-833c-4c01-9781-1709f7d47dbc" date="2025-09-20T01:25:28.970" Message="OneDeploy" AuthorName="N/A" AuthorEmail="N/A" /><!-- duration: 8ms -->
      </step><!-- duration: 22ms -->
      <step title="Deployment timer started" date="2025-09-20T01:25:31.000" >
        <step title="DeploymentManager.Deploy(id:936360b1-833c-4c01-9781-1709f7d47dbc)" date="2025-09-20T01:25:31.003" >
          <step title="Collecting changeset information" date="2025-09-20T01:25:31.024" /><!-- duration: 95ms -->
          <step title="Updating submodules" date="2025-09-20T01:25:31.123" /><!-- duration: 1129ms -->
          <step title="Determining deployment builder" date="2025-09-20T01:25:32.514" >
            <step title="Builder is OneDeployBuilder" date="2025-09-20T01:25:32.526" /><!-- duration: 8ms -->
          </step><!-- duration: 23ms -->
          <step title="PreDeployment: context.CleanOutputPath False" date="2025-09-20T01:25:32.596" >
            <step title="PreDeployment: context.OutputPath /home/site/wwwroot" date="2025-09-20T01:25:32.745" >
              <step title="Building" date="2025-09-20T01:25:32.892" >
                <step title="Executing external process" date="2025-09-20T01:25:33.832" type="process" path="starter.sh" arguments="/opt/Kudu/Scripts/absoluteTar.sh /tmp/zipdeploy/extracted/node_modules /tmp/zipdeploy/extracted/node_modules.tar.gz" /><!-- duration: 9098ms -->
                <step title="Executing external process" date="2025-09-20T01:25:43.252" type="process" path="starter.sh" arguments="/opt/Kudu/Scripts/parallel_rsync.sh /tmp/zipdeploy/extracted /home/site/wwwroot 8 /tmp/ False False node_modules " /><!-- duration: 5052ms -->
                <step title="Modified file to trigger a restart of the app container." date="2025-09-20T01:25:49.324" /><!-- duration: 2ms -->
                <step title="Skip function trigger and logicapp sync because function is not enabled." date="2025-09-20T01:25:49.329" /><!-- duration: 7ms -->
              </step><!-- duration: 17421ms -->
            </step><!-- duration: 17578ms -->
            <step title="Cleaning up temp files" date="2025-09-20T01:25:50.330" /><!-- duration: 9ms -->
            <step title="Cleaning up temp files" date="2025-09-20T01:25:50.368" /><!-- duration: 510ms -->
            <step title="Reloading status file with latest updates" date="2025-09-20T01:25:50.948" >
              <step title="WebHooksManager.PublishEventAsync: PostDeployment" date="2025-09-20T01:25:50.963" /><!-- duration: 27ms -->
            </step><!-- duration: 44ms -->
            <step title="Cleaning up temporary deployment - fetch deployment was successful" date="2025-09-20T01:25:50.998" /><!-- duration: 2ms -->
          </step><!-- duration: 18490ms -->
        </step><!-- duration: 20086ms -->
        <step title="Outgoing response" date="2025-09-20T01:25:51.094" type="response" statusCode="200" statusText="OK" /><!-- duration: 2ms -->
      </step><!-- duration: 20098ms -->
