<step title="Incoming Request" date="2025-09-20T01:24:38.213" instance="d2b2eb" url="/api/publish?type=zip" method="POST" type="request" pid="823,1,30" Accept="*/*" Host="iga-historicos-azhhdffne0fqapcn.scm.canadacentral-01.azurewebsites.net" User-Agent="AZURECLI/2.77.0 (MSI)" Accept-Encoding="gzip, deflate" Authorization="Bea..." Cache-Control="no-cache" Content-Type="application/octet-stream" Cookie="ARRAffinity=d2b2eba835d0b4206c1fa2565c9e10db4fec2b46d3b533e15c3c1c537e75a0fc; ARRAffinitySameSite=d2b2eba835d0b4206c1fa2565c9e10db4fec2b46d3b533e15c3c1c537e75a0fc" Content-Length="14948777" x-ms-client-request-id="8d1109c4-95c0-11f0-9937-200b748d2e78" x-ms-artifact-checksum="ff399d33aa13714c00ce2640ff4aed0607651a4b10d5fe47dbaec14079090fb0" X-ARR-LOG-ID="8d1109c4-95c0-11f0-9937-200b748d2e78" CLIENT-IP="181.130.100.35:50544" X-SITE-DEPLOYMENT-ID="iga-historicos" WAS-DEFAULT-HOSTNAME="iga-historicos-azhhdffne0fqapcn.scm.canadacentral-01.azurewebsites.net" X-Forwarded-Proto="https" X-AppService-Proto="https" X-Forwarded-TlsVersion="1.3" X-WAWS-Unencoded-URL="/api/publish?type=zip" X-Client-IP="181.130.100.35" X-Client-Port="50544" >
  <step title="OneDeploy" date="2025-09-20T01:24:38.477" >
    <step title="None repository commit" date="2025-09-20T01:24:38.509" >
      <step title="Commit id: f4794405-aeab-4e4d-9d62-4d7499e634c4" date="2025-09-20T01:24:38.512" Message="N/A" AuthorName="N/A" AuthorEmail="N/A" /><!-- duration: 4ms -->
    </step><!-- duration: 9ms -->
    <step title="Starting PushDeployAsync" date="2025-09-20T01:24:38.522" /><!-- duration: 2ms -->
    <step title="Removing node_modules symlink" date="2025-09-20T01:24:38.574" >
      <step title="Removing _del_node_modules symlink" date="2025-09-20T01:24:38.761" >
        <step title="Writing artifact to /tmp/zipdeploy/17c4c90b-7e53-4803-80e9-5fac0d132547.zip" date="2025-09-20T01:24:38.821" >
          <step title="Writing multipart request body to /tmp/zipdeploy/17c4c90b-7e53-4803-80e9-5fac0d132547.zip" date="2025-09-20T01:24:38.848" /><!-- duration: 2ms -->
        </step><!-- duration: 4477ms -->
        <step title="Attempting to fetch target branch HEAD" date="2025-09-20T01:24:43.310" /><!-- duration: 2ms -->
        <step title="Acquiring Deployment Lock" date="2025-09-20T01:24:43.317" /><!-- duration: 6ms -->
        <step title="Acquired Deployment Lock" date="2025-09-20T01:24:43.371" /><!-- duration: 2ms -->
        <step title="Performing fetch based deployment" date="2025-09-20T01:24:43.381" >
          <step title="Creating temporary deployment" date="2025-09-20T01:24:43.385" /><!-- duration: 84ms -->
          <step title="Releasing Deployment Lock" date="2025-09-20T01:24:44.641" /><!-- duration: 2ms -->
          <step title="Cleaning up temp folders from previous zip deployments and extracting pushed zip file /tmp/zipdeploy/17c4c90b-7e53-4803-80e9-5fac0d132547.zip (14.26 MB) to /tmp/zipdeploy/extracted" date="2025-09-20T01:24:44.782" >
            <step title="ChmodRecursive Process exited with total time taken in ms: 426" date="2025-09-20T01:24:56.263" /><!-- duration: 9ms -->
          </step><!-- duration: 11493ms -->
          <step title="None repository commit" date="2025-09-20T01:24:56.280" >
            <step title="Commit id: f4794405-aeab-4e4d-9d62-4d7499e634c4" date="2025-09-20T01:24:56.288" Message="OneDeploy" AuthorName="N/A" AuthorEmail="N/A" /><!-- duration: 10ms -->
          </step><!-- duration: 20ms -->
          <step title="Deployment timer started" date="2025-09-20T01:24:58.310" >
            <step title="DeploymentManager.Deploy(id:f4794405-aeab-4e4d-9d62-4d7499e634c4)" date="2025-09-20T01:24:58.315" >
              <step title="Collecting changeset information" date="2025-09-20T01:24:58.341" /><!-- duration: 115ms -->
              <step title="Updating submodules" date="2025-09-20T01:24:58.461" /><!-- duration: 1171ms -->
              <step title="Determining deployment builder" date="2025-09-20T01:24:59.984" >
                <step title="Builder is OneDeployBuilder" date="2025-09-20T01:25:00.011" /><!-- duration: 2ms -->
              </step><!-- duration: 44ms -->
              <step title="PreDeployment: context.CleanOutputPath False" date="2025-09-20T01:25:00.090" >
                <step title="PreDeployment: context.OutputPath /home/site/wwwroot" date="2025-09-20T01:25:00.235" >
                  <step title="Building" date="2025-09-20T01:25:00.392" >
                    <step title="Executing external process" date="2025-09-20T01:25:01.278" type="process" path="starter.sh" arguments="/opt/Kudu/Scripts/absoluteTar.sh /tmp/zipdeploy/extracted/node_modules /tmp/zipdeploy/extracted/node_modules.tar.gz" /><!-- duration: 15961ms -->
                    <step title="Executing external process" date="2025-09-20T01:25:17.962" type="process" path="starter.sh" arguments="/opt/Kudu/Scripts/parallel_rsync.sh /tmp/zipdeploy/extracted /home/site/wwwroot 8 /tmp/ False False node_modules " /><!-- duration: 4038ms -->
                    <step title="Modified file to trigger a restart of the app container." date="2025-09-20T01:25:23.677" /><!-- duration: 9ms -->
                    <step title="Skip function trigger and logicapp sync because function is not enabled." date="2025-09-20T01:25:23.726" /><!-- duration: 10ms -->
                    <step title="Purge deployment items" date="2025-09-20T01:25:24.947" >
                      <step title="Remove temp-bbbd, Pending, received at 09/20/2025 01:24:43" date="2025-09-20T01:25:25.062" /><!-- duration: 28ms -->
                    </step><!-- duration: 163ms -->
                  </step><!-- duration: 24930ms -->
                </step><!-- duration: 25098ms -->
                <step title="Cleaning up temp files" date="2025-09-20T01:25:25.360" /><!-- duration: 10ms -->
                <step title="Cleaning up temp files" date="2025-09-20T01:25:25.390" /><!-- duration: 533ms -->
                <step title="Reloading status file with latest updates" date="2025-09-20T01:25:26.001" >
                  <step title="WebHooksManager.PublishEventAsync: PostDeployment" date="2025-09-20T01:25:26.012" /><!-- duration: 208ms -->
                </step><!-- duration: 227ms -->
                <step title="Cleaning up temporary deployment - fetch deployment was successful" date="2025-09-20T01:25:26.238" /><!-- duration: 2ms -->
              </step><!-- duration: 26257ms -->
            </step><!-- duration: 28051ms -->
            <step title="Outgoing response" date="2025-09-20T01:25:26.396" type="response" statusCode="200" statusText="OK" /><!-- duration: 10ms -->
          </step><!-- duration: 28098ms -->
