<step title="Incoming Request" date="2025-09-20T00:28:29.824" instance="d2b2eb" url="/api/zipdeploy?isAsync=true" method="POST" type="request" pid="823,1,5" Accept="*/*" Host="iga-historicos-azhhdffne0fqapcn.scm.canadacentral-01.azurewebsites.net" User-Agent="AZURECLI/2.77.0 (MSI)" Accept-Encoding="gzip, deflate" Authorization="Bea..." Cache-Control="no-cache" Content-Type="application/octet-stream" Content-Length="14948777" x-ms-client-request-id="9b701a8c-95b8-11f0-81c8-200b748d2e78" x-ms-artifact-checksum="ff399d33aa13714c00ce2640ff4aed0607651a4b10d5fe47dbaec14079090fb0" X-ARR-LOG-ID="9b701a8c-95b8-11f0-81c8-200b748d2e78" CLIENT-IP="181.130.100.35:55369" X-SITE-DEPLOYMENT-ID="iga-historicos" WAS-DEFAULT-HOSTNAME="iga-historicos-azhhdffne0fqapcn.scm.canadacentral-01.azurewebsites.net" X-Forwarded-Proto="https" X-AppService-Proto="https" X-Forwarded-TlsVersion="1.3" X-WAWS-Unencoded-URL="/api/zipdeploy?isAsync=true" X-Client-IP="181.130.100.35" X-Client-Port="55369" >
  <step title="ZipPushDeploy" date="2025-09-20T00:28:31.037" >
    <step title="ZipDeploy. Extract zip." date="2025-09-20T00:28:31.058" /><!-- duration: 2ms -->
    <step title="None repository commit" date="2025-09-20T00:28:31.090" >
      <step title="Commit id: 5d4383e0-bf6e-4be5-9afe-52cca48e30e3" date="2025-09-20T00:28:31.098" Message="N/A" AuthorName="N/A" AuthorEmail="N/A" /><!-- duration: 2ms -->
    </step><!-- duration: 15ms -->
    <step title="Starting PushDeployAsync" date="2025-09-20T00:28:31.109" /><!-- duration: 2ms -->
    <step title="Writing artifact to /tmp/zipdeploy/10206b4e-6bce-48b2-9b36-9a60f2968b20.zip" date="2025-09-20T00:28:31.122" >
      <step title="Writing multipart request body to /tmp/zipdeploy/10206b4e-6bce-48b2-9b36-9a60f2968b20.zip" date="2025-09-20T00:28:31.124" /><!-- duration: 2ms -->
    </step><!-- duration: 2033ms -->
    <step title="Start deployment in the background" date="2025-09-20T00:28:33.243" >
      <step title="Acquiring Deployment Lock" date="2025-09-20T00:28:33.492" /><!-- duration: 20ms -->
      <step title="Acquired Deployment Lock" date="2025-09-20T00:28:33.576" /><!-- duration: 9ms -->
    </step><!-- duration: 638ms -->
  </step><!-- duration: 2872ms -->
  <step title="Outgoing response" date="2025-09-20T00:28:33.972" type="response" statusCode="202" statusText="Accepted" /><!-- duration: 11ms -->
</step><!-- duration: 4196ms -->
