<step title="Incoming Request" date="2025-09-20T00:42:54.450" instance="d2b2eb" url="/api/zipdeploy?isAsync=true" method="POST" type="request" pid="823,1,5" Accept="*/*" Host="iga-historicos-azhhdffne0fqapcn.scm.canadacentral-01.azurewebsites.net" User-Agent="AZURECLI/2.77.0 (MSI)" Accept-Encoding="gzip, deflate" Authorization="Bea..." Cache-Control="no-cache" Content-Type="application/octet-stream" Content-Length="14948777" x-ms-client-request-id="a6fa4e2e-95ba-11f0-906e-200b748d2e78" x-ms-artifact-checksum="ff399d33aa13714c00ce2640ff4aed0607651a4b10d5fe47dbaec14079090fb0" X-ARR-LOG-ID="a6fa4e2e-95ba-11f0-906e-200b748d2e78" CLIENT-IP="181.130.100.35:58220" X-SITE-DEPLOYMENT-ID="iga-historicos" WAS-DEFAULT-HOSTNAME="iga-historicos-azhhdffne0fqapcn.scm.canadacentral-01.azurewebsites.net" X-Forwarded-Proto="https" X-AppService-Proto="https" X-Forwarded-TlsVersion="1.3" X-WAWS-Unencoded-URL="/api/zipdeploy?isAsync=true" X-Client-IP="181.130.100.35" X-Client-Port="58220" >
  <step title="ZipPushDeploy" date="2025-09-20T00:42:55.317" >
    <step title="ZipDeploy. Extract zip." date="2025-09-20T00:42:55.329" /><!-- duration: 7ms -->
    <step title="None repository commit" date="2025-09-20T00:42:55.347" >
      <step title="Commit id: 97bb275d-2a38-49e6-b68a-79d673826724" date="2025-09-20T00:42:55.358" Message="N/A" AuthorName="N/A" AuthorEmail="N/A" /><!-- duration: 3ms -->
    </step><!-- duration: 18ms -->
    <step title="Starting PushDeployAsync" date="2025-09-20T00:42:55.368" /><!-- duration: 2ms -->
    <step title="Removing node_modules symlink" date="2025-09-20T00:42:55.417" >
      <step title="Removing _del_node_modules symlink" date="2025-09-20T00:42:55.597" >
        <step title="Writing artifact to /tmp/zipdeploy/71d936a3-cc47-4f6d-b2f9-541b0a1599e6.zip" date="2025-09-20T00:42:55.675" >
          <step title="Writing multipart request body to /tmp/zipdeploy/71d936a3-cc47-4f6d-b2f9-541b0a1599e6.zip" date="2025-09-20T00:42:55.686" /><!-- duration: 23ms -->
        </step><!-- duration: 4926ms -->
        <step title="Removing previous build artifact&apos;s manifest file" date="2025-09-20T00:43:00.642" >
          <step title="Start deployment in the background" date="2025-09-20T00:43:00.753" >
            <step title="Acquiring Deployment Lock" date="2025-09-20T00:43:00.935" /><!-- duration: 9ms -->
            <step title="Acquired Deployment Lock" date="2025-09-20T00:43:00.991" /><!-- duration: 3ms -->
          </step><!-- duration: 373ms -->
        </step><!-- duration: 507ms -->
        <step title="Outgoing response" date="2025-09-20T00:43:01.186" type="response" statusCode="202" statusText="Accepted" /><!-- duration: 3ms -->
      </step><!-- duration: 5596ms -->
