﻿<?xml version="1.0" encoding="utf-8"?>
<deployment>
  <id>f4794405-aeab-4e4d-9d62-4d7499e634c4</id>
  <author>N/A</author>
  <deployer>OneDeploy</deployer>
  <authorEmail>N/A</authorEmail>
  <message>OneDeploy</message>
  <progress></progress>
  <status>Success</status>
  <statusText></statusText>
  <lastSuccessEndTime>2025-09-20T01:25:24.2136056Z</lastSuccessEndTime>
  <receivedTime>2025-09-20T01:24:58.3909111Z</receivedTime>
  <startTime>2025-09-20T01:24:59.865239Z</startTime>
  <endTime>2025-09-20T01:25:24.2136056Z</endTime>
  <complete>True</complete>
  <is_temp>False</is_temp>
  <is_readonly>True</is_readonly>
  <buildSummary />
</deployment>