﻿<?xml version="1.0" encoding="utf-8"?>
<deployment>
  <id>5d4383e0-bf6e-4be5-9afe-52cca48e30e3</id>
  <author>N/A</author>
  <deployer>Push-Deployer</deployer>
  <authorEmail>N/A</authorEmail>
  <message>Created via a push deployment</message>
  <progress></progress>
  <status>Success</status>
  <statusText></statusText>
  <lastSuccessEndTime>2025-09-20T00:29:09.2925899Z</lastSuccessEndTime>
  <receivedTime>2025-09-20T00:28:51.9135929Z</receivedTime>
  <startTime>2025-09-20T00:28:53.3234391Z</startTime>
  <endTime>2025-09-20T00:29:09.2925899Z</endTime>
  <complete>True</complete>
  <is_temp>False</is_temp>
  <is_readonly>True</is_readonly>
  <buildSummary />
</deployment>